"번호","지역","상호","주소","기간","상표","셀프여부","고급휘발유","휘발유","경유","실내등유"
"기준 : 월간(201901~201912)"
"A0006039","서울 강남구","(유)동하석유 힐탑셀프주유소","서울 강남구 논현로 640","2019년 01월","SK에너지","셀프","1673.00","1450.81","1357.90","0.00"
"A0006039","서울 강남구","(유)동하석유 힐탑셀프주유소","서울 강남구 논현로 640","2019년 02월","SK에너지","셀프","1671.93","1443.93","1353.57","0.00"
"A0006039","서울 강남구","(유)동하석유 힐탑셀프주유소","서울 강남구 논현로 640","2019년 03월","SK에너지","셀프","1667.19","1442.74","1344.35","0.00"
"A0006039","서울 강남구","(유)동하석유 힐탑셀프주유소","서울 강남구 논현로 640","2019년 04월","SK에너지","셀프","1703.73","1500.73","1400.73","0.00"
"A0006039","서울 강남구","(유)동하석유 힐탑셀프주유소","서울 강남구 논현로 640","2019년 05월","SK에너지","셀프","1785.39","1585.39","1485.39","0.00"
"A0006039","서울 강남구","(유)동하석유 힐탑셀프주유소","서울 강남구 논현로 640","2019년 06월","SK에너지","셀프","1785.67","1585.67","1485.67","0.00"
"A0006039","서울 강남구","(유)동하석유 힐탑셀프주유소","서울 강남구 논현로 640","2019년 07월","SK에너지","셀프","1777.00","1582.81","1482.81","0.00"
"A0006039","서울 강남구","(유)동하석유 힐탑셀프주유소","서울 강남구 논현로 640","2019년 08월","SK에너지","셀프","1777.00","1595.00","1495.00","0.00"
"A0006039","서울 강남구","(유)동하석유 힐탑셀프주유소","서울 강남구 논현로 640","2019년 09월","SK에너지","셀프","1799.33","1639.67","1511.33","0.00"
"A0006039","서울 강남구","(유)동하석유 힐탑셀프주유소","서울 강남구 논현로 640","2019년 10월","SK에너지","셀프","1803.13","1651.13","1504.03","0.00"
"A0006039","서울 강남구","(유)동하석유 힐탑셀프주유소","서울 강남구 논현로 640","2019년 11월","SK에너지","셀프","1792.00","1629.33","1495.00","0.00"
"A0006039","서울 강남구","(유)동하석유 힐탑셀프주유소","서울 강남구 논현로 640","2019년 12월","SK에너지","셀프","1798.45","1650.97","1495.00","0.00"
"A0000525","서울 강남구","(주)만정에너지 삼보주유소","서울 강남구 봉은사로 433 (삼성동)","2019년 01월","GS칼텍스","일반","2153.52","1918.35","1759.65","1279.00"
"A0000525","서울 강남구","(주)만정에너지 삼보주유소","서울 강남구 봉은사로 433 (삼성동)","2019년 02월","GS칼텍스","일반","2137.93","1897.07","1762.14","1279.00"
"A0000525","서울 강남구","(주)만정에너지 삼보주유소","서울 강남구 봉은사로 433 (삼성동)","2019년 03월","GS칼텍스","일반","2141.19","1901.19","1762.16","1211.59"
"A0000525","서울 강남구","(주)만정에너지 삼보주유소","서울 강남구 봉은사로 433 (삼성동)","2019년 04월","GS칼텍스","일반","2217.47","1974.47","1828.27","1331.20"
"A0000525","서울 강남구","(주)만정에너지 삼보주유소","서울 강남구 봉은사로 433 (삼성동)","2019년 05월","GS칼텍스","일반","2289.97","2005.45","1853.77","1354.35"
"A0000525","서울 강남구","(주)만정에너지 삼보주유소","서울 강남구 봉은사로 433 (삼성동)","2019년 06월","GS칼텍스","일반","2289.00","1999.00","1867.53","1375.00"
"A0000525","서울 강남구","(주)만정에너지 삼보주유소","서울 강남구 봉은사로 433 (삼성동)","2019년 07월","GS칼텍스","일반","2289.00","1999.00","1869.00","0.00"
"A0000525","서울 강남구","(주)만정에너지 삼보주유소","서울 강남구 봉은사로 433 (삼성동)","2019년 08월","GS칼텍스","일반","2289.00","1999.00","1881.39","0.00"
"A0000525","서울 강남구","(주)만정에너지 삼보주유소","서울 강남구 봉은사로 433 (삼성동)","2019년 09월","GS칼텍스","일반","2289.00","1999.00","1898.27","1399.00"
"A0000525","서울 강남구","(주)만정에너지 삼보주유소","서울 강남구 봉은사로 433 (삼성동)","2019년 10월","GS칼텍스","일반","2289.00","1998.74","1897.71","1399.00"
"A0000525","서울 강남구","(주)만정에너지 삼보주유소","서울 강남구 봉은사로 433 (삼성동)","2019년 11월","GS칼텍스","일반","2281.40","1990.53","1879.20","1325.73"
"A0000525","서울 강남구","(주)만정에너지 삼보주유소","서울 강남구 봉은사로 433 (삼성동)","2019년 12월","GS칼텍스","일반","2289.00","1999.00","1890.42","1326.23"
"A0001219","서울 강남구","(주)보성 세곡주유소","서울 강남구  헌릉로 731 (세곡동)","2019년 01월","SK에너지","셀프","0.00","1382.00","1272.81","0.00"
"A0001219","서울 강남구","(주)보성 세곡주유소","서울 강남구  헌릉로 731 (세곡동)","2019년 02월","SK에너지","셀프","0.00","1367.00","1264.00","0.00"
"A0001219","서울 강남구","(주)보성 세곡주유소","서울 강남구  헌릉로 731 (세곡동)","2019년 03월","SK에너지","셀프","0.00","1369.55","1269.00","0.00"
"A0001219","서울 강남구","(주)보성 세곡주유소","서울 강남구  헌릉로 731 (세곡동)","2019년 04월","SK에너지","셀프","0.00","1400.93","1296.00","0.00"
"A0001219","서울 강남구","(주)보성 세곡주유소","서울 강남구  헌릉로 731 (세곡동)","2019년 05월","SK에너지","셀프","0.00","1501.97","1376.32","0.00"
"A0001219","서울 강남구","(주)보성 세곡주유소","서울 강남구  헌릉로 731 (세곡동)","2019년 06월","SK에너지","셀프","0.00","1520.20","1389.20","0.00"
"A0001219","서울 강남구","(주)보성 세곡주유소","서울 강남구  헌릉로 731 (세곡동)","2019년 07월","SK에너지","셀프","0.00","1512.16","1375.74","0.00"
"A0001219","서울 강남구","(주)보성 세곡주유소","서울 강남구  헌릉로 731 (세곡동)","2019년 08월","SK에너지","셀프","0.00","1507.90","1374.29","0.00"
"A0001219","서울 강남구","(주)보성 세곡주유소","서울 강남구  헌릉로 731 (세곡동)","2019년 09월","SK에너지","셀프","0.00","1550.40","1406.90","0.00"
"A0001219","서울 강남구","(주)보성 세곡주유소","서울 강남구  헌릉로 731 (세곡동)","2019년 10월","SK에너지","셀프","0.00","1547.35","1404.48","0.00"
"A0001219","서울 강남구","(주)보성 세곡주유소","서울 강남구  헌릉로 731 (세곡동)","2019년 11월","SK에너지","셀프","0.00","1513.60","1373.00","0.00"
"A0001219","서울 강남구","(주)보성 세곡주유소","서울 강남구  헌릉로 731 (세곡동)","2019년 12월","SK에너지","셀프","0.00","1513.06","1358.23","0.00"
"A0009061","서울 강남구","(주)선진도곡주유소","서울 강남구 도곡로 162 (도곡동)","2019년 01월","S-OIL","일반","0.00","1465.32","1360.32","0.00"
"A0009061","서울 강남구","(주)선진도곡주유소","서울 강남구 도곡로 162 (도곡동)","2019년 02월","S-OIL","일반","0.00","1445.00","1340.00","0.00"
"A0009061","서울 강남구","(주)선진도곡주유소","서울 강남구 도곡로 162 (도곡동)","2019년 03월","S-OIL","일반","0.00","1454.03","1349.03","0.00"
"A0009061","서울 강남구","(주)선진도곡주유소","서울 강남구 도곡로 162 (도곡동)","2019년 04월","S-OIL","일반","0.00","1494.40","1393.07","0.00"
"A0009061","서울 강남구","(주)선진도곡주유소","서울 강남구 도곡로 162 (도곡동)","2019년 05월","S-OIL","일반","0.00","1583.58","1471.97","0.00"
"A0009061","서울 강남구","(주)선진도곡주유소","서울 강남구 도곡로 162 (도곡동)","2019년 06월","S-OIL","일반","0.00","1591.00","1476.33","0.00"
"A0009061","서울 강남구","(주)선진도곡주유소","서울 강남구 도곡로 162 (도곡동)","2019년 07월","S-OIL","일반","0.00","1582.81","1465.90","0.00"
"A0009061","서울 강남구","(주)선진도곡주유소","서울 강남구 도곡로 162 (도곡동)","2019년 08월","S-OIL","일반","0.00","1597.00","1473.00","0.00"
"A0009061","서울 강남구","(주)선진도곡주유소","서울 강남구 도곡로 162 (도곡동)","2019년 09월","S-OIL","일반","1797.00","1625.20","1494.27","0.00"
"A0009061","서울 강남구","(주)선진도곡주유소","서울 강남구 도곡로 162 (도곡동)","2019년 10월","S-OIL","일반","1797.00","1639.00","1499.00","0.00"
"A0009061","서울 강남구","(주)선진도곡주유소","서울 강남구 도곡로 162 (도곡동)","2019년 11월","S-OIL","일반","1772.70","1639.00","1490.00","0.00"
"A0009061","서울 강남구","(주)선진도곡주유소","서울 강남구 도곡로 162 (도곡동)","2019년 12월","S-OIL","일반","1779.68","1637.97","1493.84","0.00"
"A0001217","서울 강남구","(주)소모에너지 쎈트럴주유소","서울 강남구 삼성로 335","2019년 01월","GS칼텍스","일반","1911.48","1697.48","1568.81","1170.39"
"A0001217","서울 강남구","(주)소모에너지 쎈트럴주유소","서울 강남구 삼성로 335","2019년 02월","GS칼텍스","일반","1942.96","1728.96","1607.75","1204.93"
"A0001217","서울 강남구","(주)소모에너지 쎈트럴주유소","서울 강남구 삼성로 335","2019년 03월","GS칼텍스","일반","1981.71","1796.84","1649.52","1240.35"
"A0001217","서울 강남구","(주)소모에너지 쎈트럴주유소","서울 강남구 삼성로 335","2019년 04월","GS칼텍스","일반","2018.70","1872.70","1683.40","1265.23"
"A0001217","서울 강남구","(주)소모에너지 쎈트럴주유소","서울 강남구 삼성로 335","2019년 05월","GS칼텍스","일반","2112.84","1974.84","1758.52","1298.55"
"A0001217","서울 강남구","(주)소모에너지 쎈트럴주유소","서울 강남구 삼성로 335","2019년 06월","GS칼텍스","일반","2102.80","1964.80","1744.80","1305.00"
"A0001217","서울 강남구","(주)소모에너지 쎈트럴주유소","서울 강남구 삼성로 335","2019년 07월","GS칼텍스","일반","2117.16","1979.16","1749.03","1316.00"
"A0001217","서울 강남구","(주)소모에너지 쎈트럴주유소","서울 강남구 삼성로 335","2019년 08월","GS칼텍스","일반","2122.52","1984.52","1751.10","1316.00"
"A0001217","서울 강남구","(주)소모에너지 쎈트럴주유소","서울 강남구 삼성로 335","2019년 09월","GS칼텍스","일반","2136.00","1998.00","1776.47","1336.00"
"A0001217","서울 강남구","(주)소모에너지 쎈트럴주유소","서울 강남구 삼성로 335","2019년 10월","GS칼텍스","일반","2131.42","1993.42","1794.48","1334.61"
"A0001217","서울 강남구","(주)소모에너지 쎈트럴주유소","서울 강남구 삼성로 335","2019년 11월","GS칼텍스","일반","2124.00","1986.67","1791.33","1331.00"
"A0001217","서울 강남구","(주)소모에너지 쎈트럴주유소","서울 강남구 삼성로 335","2019년 12월","GS칼텍스","일반","2132.00","1994.00","1795.00","1335.00"
"A0001213","서울 강남구","(주)중앙에너비스 수서지점","서울 강남구 광평로 202 (수서동)","2019년 01월","SK에너지","셀프","1864.77","1463.16","1358.32","0.00"
"A0001213","서울 강남구","(주)중앙에너비스 수서지점","서울 강남구 광평로 202 (수서동)","2019년 02월","SK에너지","셀프","1860.14","1470.14","1360.14","0.00"
"A0001213","서울 강남구","(주)중앙에너비스 수서지점","서울 강남구 광평로 202 (수서동)","2019년 03월","SK에너지","셀프","1876.06","1490.26","1376.06","0.00"
"A0001213","서울 강남구","(주)중앙에너비스 수서지점","서울 강남구 광평로 202 (수서동)","2019년 04월","SK에너지","셀프","1912.33","1551.67","1412.33","0.00"
"A0001213","서울 강남구","(주)중앙에너비스 수서지점","서울 강남구 광평로 202 (수서동)","2019년 05월","SK에너지","셀프","1960.58","1624.77","1467.68","0.00"
"A0001213","서울 강남구","(주)중앙에너비스 수서지점","서울 강남구 광평로 202 (수서동)","2019년 06월","SK에너지","셀프","1932.33","1588.67","1444.67","0.00"
"A0001213","서울 강남구","(주)중앙에너비스 수서지점","서울 강남구 광평로 202 (수서동)","2019년 07월","SK에너지","셀프","1898.00","1576.06","1435.42","0.00"
"A0001213","서울 강남구","(주)중앙에너비스 수서지점","서울 강남구 광평로 202 (수서동)","2019년 08월","SK에너지","셀프","1898.00","1584.45","1421.87","0.00"
"A0001213","서울 강남구","(주)중앙에너비스 수서지점","서울 강남구 광평로 202 (수서동)","2019년 09월","SK에너지","셀프","1965.67","1636.67","1467.00","0.00"
"A0001213","서울 강남구","(주)중앙에너비스 수서지점","서울 강남구 광평로 202 (수서동)","2019년 10월","SK에너지","셀프","1975.10","1645.10","1475.10","0.00"
"A0001213","서울 강남구","(주)중앙에너비스 수서지점","서울 강남구 광평로 202 (수서동)","2019년 11월","SK에너지","셀프","1958.33","1628.33","1458.33","0.00"
"A0001213","서울 강남구","(주)중앙에너비스 수서지점","서울 강남구 광평로 202 (수서동)","2019년 12월","SK에너지","셀프","1968.00","1647.35","1477.35","0.00"
"A0009710","서울 강남구","SK논현주유소","서울 강남구 논현로 747 (논현동)","2019년 01월","SK에너지","일반","1962.52","1762.52","1652.52","1298.00"
"A0009710","서울 강남구","SK논현주유소","서울 강남구 논현로 747 (논현동)","2019년 02월","SK에너지","일반","1948.00","1748.00","1638.00","1298.00"
"A0009710","서울 강남구","SK논현주유소","서울 강남구 논현로 747 (논현동)","2019년 03월","SK에너지","일반","1965.74","1765.74","1655.74","1298.00"
"A0009710","서울 강남구","SK논현주유소","서울 강남구 논현로 747 (논현동)","2019년 04월","SK에너지","일반","2004.67","1803.87","1694.67","1298.00"
"A0009710","서울 강남구","SK논현주유소","서울 강남구 논현로 747 (논현동)","2019년 05월","SK에너지","일반","2112.26","1894.58","1742.35","1334.90"
"A0009710","서울 강남구","SK논현주유소","서울 강남구 논현로 747 (논현동)","2019년 06월","SK에너지","일반","2127.77","1939.80","1782.00","1350.00"
"A0009710","서울 강남구","SK논현주유소","서울 강남구 논현로 747 (논현동)","2019년 07월","SK에너지","일반","2098.00","1898.00","1763.00","1350.00"
"A0009710","서울 강남구","SK논현주유소","서울 강남구 논현로 747 (논현동)","2019년 08월","SK에너지","일반","2098.00","1898.00","1763.00","1350.00"
"A0009710","서울 강남구","SK논현주유소","서울 강남구 논현로 747 (논현동)","2019년 09월","SK에너지","일반","2109.97","1909.97","1774.40","1350.00"
"A0009710","서울 강남구","SK논현주유소","서울 강남구 논현로 747 (논현동)","2019년 10월","SK에너지","일반","2148.00","1948.00","1813.00","1350.00"
"A0009710","서울 강남구","SK논현주유소","서울 강남구 논현로 747 (논현동)","2019년 11월","SK에너지","일반","2148.00","1948.00","1813.00","1350.00"
"A0009710","서울 강남구","SK논현주유소","서울 강남구 논현로 747 (논현동)","2019년 12월","SK에너지","일반","2148.00","1948.00","1813.00","1350.00"
"A0010207","서울 강남구","SK서광주유소","서울 강남구 역삼로 142","2019년 01월","SK에너지","셀프","1627.58","1445.32","1342.74","1122.58"
"A0010207","서울 강남구","SK서광주유소","서울 강남구 역삼로 142","2019년 02월","SK에너지","셀프","1625.00","1435.00","1335.00","1120.00"
"A0010207","서울 강남구","SK서광주유소","서울 강남구 역삼로 142","2019년 03월","SK에너지","셀프","1626.61","1436.61","1336.61","1124.84"
"A0010207","서울 강남구","SK서광주유소","서울 강남구 역삼로 142","2019년 04월","SK에너지","셀프","1639.33","1472.00","1360.67","1150.00"
"A0010207","서울 강남구","SK서광주유소","서울 강남구 역삼로 142","2019년 05월","SK에너지","셀프","1733.06","1563.06","1439.84","1150.00"
"A0010207","서울 강남구","SK서광주유소","서울 강남구 역삼로 142","2019년 06월","SK에너지","셀프","1742.33","1572.33","1442.33","0.00"
"A0010207","서울 강남구","SK서광주유소","서울 강남구 역삼로 142","2019년 07월","SK에너지","셀프","1735.00","1565.00","1435.00","0.00"
"A0010207","서울 강남구","SK서광주유소","서울 강남구 역삼로 142","2019년 08월","SK에너지","셀프","1743.39","1573.39","1443.39","0.00"
"A0010207","서울 강남구","SK서광주유소","서울 강남구 역삼로 142","2019년 09월","SK에너지","셀프","1777.67","1607.67","1473.00","0.00"
"A0010207","서울 강남구","SK서광주유소","서울 강남구 역삼로 142","2019년 10월","SK에너지","셀프","1795.00","1625.00","1485.00","0.00"
"A0010207","서울 강남구","SK서광주유소","서울 강남구 역삼로 142","2019년 11월","SK에너지","셀프","1759.00","1593.00","1453.00","0.00"
"A0010207","서울 강남구","SK서광주유소","서울 강남구 역삼로 142","2019년 12월","SK에너지","셀프","1769.35","1613.71","1464.35","0.00"
"A0010235","서울 강남구","SK에너지(주) 매봉주유소","서울 강남구 언주로 307","2019년 01월","SK에너지","셀프","1689.65","1474.61","1383.00","0.00"
"A0010235","서울 강남구","SK에너지(주) 매봉주유소","서울 강남구 언주로 307","2019년 02월","SK에너지","셀프","1687.21","1454.29","1355.00","0.00"
"A0010235","서울 강남구","SK에너지(주) 매봉주유소","서울 강남구 언주로 307","2019년 03월","SK에너지","셀프","1720.42","1486.94","1386.94","0.00"
"A0010235","서울 강남구","SK에너지(주) 매봉주유소","서울 강남구 언주로 307","2019년 04월","SK에너지","셀프","1794.27","1564.27","1464.27","0.00"
"A0010235","서울 강남구","SK에너지(주) 매봉주유소","서울 강남구 언주로 307","2019년 05월","SK에너지","셀프","1875.45","1629.00","1516.68","0.00"
"A0010235","서울 강남구","SK에너지(주) 매봉주유소","서울 강남구 언주로 307","2019년 06월","SK에너지","셀프","1849.00","1605.67","1500.00","0.00"
"A0010235","서울 강남구","SK에너지(주) 매봉주유소","서울 강남구 언주로 307","2019년 07월","SK에너지","셀프","1814.81","1575.45","1469.00","0.00"
"A0010235","서울 강남구","SK에너지(주) 매봉주유소","서울 강남구 언주로 307","2019년 08월","SK에너지","셀프","1839.65","1599.65","1483.26","0.00"
"A0010235","서울 강남구","SK에너지(주) 매봉주유소","서울 강남구 언주로 307","2019년 09월","SK에너지","셀프","1907.33","1667.33","1549.13","1459.00"
"A0010235","서울 강남구","SK에너지(주) 매봉주유소","서울 강남구 언주로 307","2019년 10월","SK에너지","셀프","1913.58","1692.94","1572.87","0.00"
"A0010235","서울 강남구","SK에너지(주) 매봉주유소","서울 강남구 언주로 307","2019년 11월","SK에너지","셀프","1867.67","1667.67","1540.33","0.00"
"A0010235","서울 강남구","SK에너지(주) 매봉주유소","서울 강남구 언주로 307","2019년 12월","SK에너지","셀프","1879.39","1679.39","1538.10","0.00"
"A0010236","서울 강남구","SK에너지㈜ 진달래주유소","서울 강남구 도곡로 208","2019년 01월","SK에너지","일반","1719.00","1499.00","1399.00","0.00"
"A0010236","서울 강남구","SK에너지㈜ 진달래주유소","서울 강남구 도곡로 208","2019년 02월","SK에너지","일반","1719.00","1499.00","1399.00","0.00"
"A0010236","서울 강남구","SK에너지㈜ 진달래주유소","서울 강남구 도곡로 208","2019년 03월","SK에너지","일반","1749.00","1529.00","1429.00","0.00"
"A0010236","서울 강남구","SK에너지㈜ 진달래주유소","서울 강남구 도곡로 208","2019년 04월","SK에너지","일반","1820.53","1600.53","1500.53","0.00"
"A0010236","서울 강남구","SK에너지㈜ 진달래주유소","서울 강남구 도곡로 208","2019년 05월","SK에너지","일반","1887.71","1671.26","1571.26","0.00"
"A0010236","서울 강남구","SK에너지㈜ 진달래주유소","서울 강남구 도곡로 208","2019년 06월","SK에너지","일반","1906.20","1696.20","1597.00","0.00"
"A0010236","서울 강남구","SK에너지㈜ 진달래주유소","서울 강남구 도곡로 208","2019년 07월","SK에너지","일반","1807.17","1643.83","1537.00","0.00"
"A0010236","서울 강남구","SK에너지㈜ 진달래주유소","서울 강남구 도곡로 208","2019년 08월","SK에너지","일반","1750.42","1589.00","1460.29","0.00"
"A0010236","서울 강남구","SK에너지㈜ 진달래주유소","서울 강남구 도곡로 208","2019년 09월","SK에너지","일반","1762.67","1621.67","1482.50","0.00"
"A0010236","서울 강남구","SK에너지㈜ 진달래주유소","서울 강남구 도곡로 208","2019년 10월","SK에너지","일반","1775.00","1635.00","1495.00","0.00"
"A0010236","서울 강남구","SK에너지㈜ 진달래주유소","서울 강남구 도곡로 208","2019년 11월","SK에너지","일반","1775.00","1635.00","1495.00","0.00"
"A0010236","서울 강남구","SK에너지㈜ 진달래주유소","서울 강남구 도곡로 208","2019년 12월","SK에너지","일반","1775.00","1635.00","1495.90","0.00"
"A0009715","서울 강남구","㈜새서울석유 새서울주유소","서울 강남구 압구정로 154","2019년 01월","현대오일뱅크","일반","1877.00","1608.29","1508.29","1328.00"
"A0009715","서울 강남구","㈜새서울석유 새서울주유소","서울 강남구 압구정로 154","2019년 02월","현대오일뱅크","일반","1877.00","1597.00","1497.00","1328.00"
"A0009715","서울 강남구","㈜새서울석유 새서울주유소","서울 강남구 압구정로 154","2019년 03월","현대오일뱅크","일반","1877.00","1599.58","1499.58","0.00"
"A0009715","서울 강남구","㈜새서울석유 새서울주유소","서울 강남구 압구정로 154","2019년 04월","현대오일뱅크","일반","1884.70","1655.33","1548.00","1328.00"
"A0009715","서울 강남구","㈜새서울석유 새서울주유소","서울 강남구 압구정로 154","2019년 05월","현대오일뱅크","일반","1976.26","1778.35","1640.32","0.00"
"A0009715","서울 강남구","㈜새서울석유 새서울주유소","서울 강남구 압구정로 154","2019년 06월","현대오일뱅크","일반","1998.00","1789.00","1654.00","0.00"
"A0009715","서울 강남구","㈜새서울석유 새서울주유소","서울 강남구 압구정로 154","2019년 07월","현대오일뱅크","일반","1988.97","1754.45","1611.55","0.00"
"A0009715","서울 강남구","㈜새서울석유 새서울주유소","서울 강남구 압구정로 154","2019년 08월","현대오일뱅크","일반","1998.00","1768.00","1598.00","1328.00"
"A0009715","서울 강남구","㈜새서울석유 새서울주유소","서울 강남구 압구정로 154","2019년 09월","현대오일뱅크","일반","2041.00","1813.47","1633.67","0.00"
"A0009715","서울 강남구","㈜새서울석유 새서울주유소","서울 강남구 압구정로 154","2019년 10월","현대오일뱅크","일반","2037.00","1814.84","1649.00","1328.00"
"A0009715","서울 강남구","㈜새서울석유 새서울주유소","서울 강남구 압구정로 154","2019년 11월","현대오일뱅크","일반","2037.00","1798.00","1649.00","1328.00"
"A0009715","서울 강남구","㈜새서울석유 새서울주유소","서울 강남구 압구정로 154","2019년 12월","현대오일뱅크","일반","2038.29","1828.32","1650.29","1328.00"
"A0001171","서울 강남구","갤러리아주유소","서울 강남구 압구정로 426","2019년 01월","SK에너지","일반","2134.87","1909.03","1750.00","1275.00"
"A0001171","서울 강남구","갤러리아주유소","서울 강남구 압구정로 426","2019년 02월","SK에너지","일반","2134.00","1893.43","1748.39","1275.00"
"A0001171","서울 강남구","갤러리아주유소","서울 강남구 압구정로 426","2019년 03월","SK에너지","일반","2132.19","1891.48","1751.90","1275.00"
"A0001171","서울 강남구","갤러리아주유소","서울 강남구 압구정로 426","2019년 04월","SK에너지","일반","2178.70","1943.20","1792.13","1275.00"
"A0001171","서울 강남구","갤러리아주유소","서울 강남구 압구정로 426","2019년 05월","SK에너지","일반","2234.58","1980.06","1828.39","1275.00"
"A0001171","서울 강남구","갤러리아주유소","서울 강남구 압구정로 426","2019년 06월","SK에너지","일반","2259.00","1989.00","1840.00","0.00"
"A0001171","서울 강남구","갤러리아주유소","서울 강남구 압구정로 426","2019년 07월","SK에너지","일반","2260.61","1989.00","1841.61","0.00"
"A0001171","서울 강남구","갤러리아주유소","서울 강남구 압구정로 426","2019년 08월","SK에너지","일반","2269.00","1989.00","1850.00","0.00"
"A0001171","서울 강남구","갤러리아주유소","서울 강남구 압구정로 426","2019년 09월","SK에너지","일반","2280.33","1994.87","1871.47","0.00"
"A0001171","서울 강남구","갤러리아주유소","서울 강남구 압구정로 426","2019년 10월","SK에너지","일반","2284.00","1996.42","1892.23","1333.00"
"A0001171","서울 강남구","갤러리아주유소","서울 강남구 압구정로 426","2019년 11월","SK에너지","일반","2275.93","1987.23","1874.87","1326.60"
"A0001171","서울 강남구","갤러리아주유소","서울 강남구 압구정로 426","2019년 12월","SK에너지","일반","2283.65","1994.32","1878.32","1325.00"
"A0001176","서울 강남구","경원주유소","서울 강남구 도산대로 428 (청담동)","2019년 01월","S-OIL","일반","2137.58","1909.84","1751.61","1400.00"
"A0001176","서울 강남구","경원주유소","서울 강남구 도산대로 428 (청담동)","2019년 02월","S-OIL","일반","2134.36","1893.43","1748.93","1400.00"
"A0001176","서울 강남구","경원주유소","서울 강남구 도산대로 428 (청담동)","2019년 03월","S-OIL","일반","2127.55","1883.94","1743.55","1400.00"
"A0001176","서울 강남구","경원주유소","서울 강남구 도산대로 428 (청담동)","2019년 04월","S-OIL","일반","2172.50","1934.93","1785.67","0.00"
"A0001176","서울 강남구","경원주유소","서울 강남구 도산대로 428 (청담동)","2019년 05월","S-OIL","일반","2226.23","1974.10","1822.03","0.00"
"A0001176","서울 강남구","경원주유소","서울 강남구 도산대로 428 (청담동)","2019년 06월","S-OIL","일반","2252.00","1984.00","1835.00","0.00"
"A0001176","서울 강남구","경원주유소","서울 강남구 도산대로 428 (청담동)","2019년 07월","S-OIL","일반","2252.97","1984.00","1835.97","0.00"
"A0001176","서울 강남구","경원주유소","서울 강남구 도산대로 428 (청담동)","2019년 08월","S-OIL","일반","2262.00","1984.00","1845.00","0.00"
"A0001176","서울 강남구","경원주유소","서울 강남구 도산대로 428 (청담동)","2019년 09월","S-OIL","일반","2275.07","1988.67","1860.33","0.00"
"A0001176","서울 강남구","경원주유소","서울 강남구 도산대로 428 (청담동)","2019년 10월","S-OIL","일반","2276.00","1989.00","1885.00","0.00"
"A0001176","서울 강남구","경원주유소","서울 강남구 도산대로 428 (청담동)","2019년 11월","S-OIL","일반","2276.00","1983.67","1879.67","0.00"
"A0001176","서울 강남구","경원주유소","서울 강남구 도산대로 428 (청담동)","2019년 12월","S-OIL","일반","2276.00","1988.35","1875.00","0.00"
"A0009733","서울 강남구","논현동주유소","서울 강남구 학동로 229 (논현동)","2019년 01월","GS칼텍스","셀프","1697.58","1500.58","1399.65","1226.61"
"A0009733","서울 강남구","논현동주유소","서울 강남구 학동로 229 (논현동)","2019년 02월","GS칼텍스","셀프","1695.00","1498.00","1404.14","1225.00"
"A0009733","서울 강남구","논현동주유소","서울 강남구 학동로 229 (논현동)","2019년 03월","GS칼텍스","셀프","1705.48","1509.74","1408.19","1225.00"
"A0009733","서울 강남구","논현동주유소","서울 강남구 학동로 229 (논현동)","2019년 04월","GS칼텍스","셀프","1751.50","1570.30","1459.93","1242.50"
"A0009733","서울 강남구","논현동주유소","서울 강남구 학동로 229 (논현동)","2019년 05월","GS칼텍스","셀프","1821.45","1665.00","1488.48","1260.34"
"A0009733","서울 강남구","논현동주유소","서울 강남구 학동로 229 (논현동)","2019년 06월","GS칼텍스","셀프","1809.60","1650.53","1506.33","1275.00"
"A0009733","서울 강남구","논현동주유소","서울 강남구 학동로 229 (논현동)","2019년 07월","GS칼텍스","셀프","1815.55","1637.87","1507.32","1275.00"
"A0009733","서울 강남구","논현동주유소","서울 강남구 학동로 229 (논현동)","2019년 08월","GS칼텍스","셀프","1832.00","1649.00","1517.00","0.00"
"A0009733","서울 강남구","논현동주유소","서울 강남구 학동로 229 (논현동)","2019년 09월","GS칼텍스","셀프","1876.50","1695.63","1560.23","1275.00"
"A0009733","서울 강남구","논현동주유소","서울 강남구 학동로 229 (논현동)","2019년 10월","GS칼텍스","셀프","1859.52","1690.87","1563.42","1267.24"
"A0009733","서울 강남구","논현동주유소","서울 강남구 학동로 229 (논현동)","2019년 11월","GS칼텍스","셀프","1852.00","1684.33","1536.00","1250.00"
"A0009733","서울 강남구","논현동주유소","서울 강남구 학동로 229 (논현동)","2019년 12월","GS칼텍스","셀프","1860.00","1697.00","1550.45","1250.81"
"A0009705","서울 강남구","대교주유소","서울 강남구 강남대로 640 (신사동)","2019년 01월","SK에너지","일반","1990.00","1740.00","1540.00","0.00"
"A0009705","서울 강남구","대교주유소","서울 강남구 강남대로 640 (신사동)","2019년 02월","SK에너지","일반","1990.00","1740.00","1540.00","0.00"
"A0009705","서울 강남구","대교주유소","서울 강남구 강남대로 640 (신사동)","2019년 03월","SK에너지","일반","1990.00","1740.00","1540.00","0.00"
"A0009705","서울 강남구","대교주유소","서울 강남구 강남대로 640 (신사동)","2019년 04월","SK에너지","일반","1990.00","1740.00","1540.00","0.00"
"A0009705","서울 강남구","대교주유소","서울 강남구 강남대로 640 (신사동)","2019년 05월","SK에너지","일반","2036.45","1782.58","1582.58","0.00"
"A0009705","서울 강남구","대교주유소","서울 강남구 강남대로 640 (신사동)","2019년 06월","SK에너지","일반","2050.00","1795.00","1595.00","0.00"
"A0009705","서울 강남구","대교주유소","서울 강남구 강남대로 640 (신사동)","2019년 07월","SK에너지","일반","2050.00","1795.00","1595.00","0.00"
"A0009705","서울 강남구","대교주유소","서울 강남구 강남대로 640 (신사동)","2019년 08월","SK에너지","일반","2030.48","1795.00","1595.00","0.00"
"A0009705","서울 강남구","대교주유소","서울 강남구 강남대로 640 (신사동)","2019년 09월","SK에너지","일반","2048.17","1850.00","1650.00","0.00"
"A0009705","서울 강남구","대교주유소","서울 강남구 강남대로 640 (신사동)","2019년 10월","SK에너지","일반","2050.00","1835.19","1650.00","0.00"
"A0009705","서울 강남구","대교주유소","서울 강남구 강남대로 640 (신사동)","2019년 11월","SK에너지","일반","2033.00","1799.00","1599.00","0.00"
"A0009705","서울 강남구","대교주유소","서울 강남구 강남대로 640 (신사동)","2019년 12월","SK에너지","일반","1999.00","1799.00","1600.65","0.00"
"A0009712","서울 강남구","대동석유 압구정주유소","서울 강남구 언주로 842 (신사동)","2019년 01월","SK에너지","셀프","1672.00","1462.65","1370.90","0.00"
"A0009712","서울 강남구","대동석유 압구정주유소","서울 강남구 언주로 842 (신사동)","2019년 02월","SK에너지","셀프","1672.00","1458.00","1368.00","0.00"
"A0009712","서울 강남구","대동석유 압구정주유소","서울 강남구 언주로 842 (신사동)","2019년 03월","SK에너지","셀프","1673.10","1467.00","1369.32","0.00"
"A0009712","서울 강남구","대동석유 압구정주유소","서울 강남구 언주로 842 (신사동)","2019년 04월","SK에너지","셀프","1708.27","1511.43","1411.57","0.00"
"A0009712","서울 강남구","대동석유 압구정주유소","서울 강남구 언주로 842 (신사동)","2019년 05월","SK에너지","셀프","1786.52","1595.35","1489.06","0.00"
"A0009712","서울 강남구","대동석유 압구정주유소","서울 강남구 언주로 842 (신사동)","2019년 06월","SK에너지","셀프","1786.37","1602.93","1491.33","0.00"
"A0009712","서울 강남구","대동석유 압구정주유소","서울 강남구 언주로 842 (신사동)","2019년 07월","SK에너지","셀프","1779.00","1596.00","1487.00","0.00"
"A0009712","서울 강남구","대동석유 압구정주유소","서울 강남구 언주로 842 (신사동)","2019년 08월","SK에너지","셀프","1779.00","1596.00","1487.00","0.00"
"A0009712","서울 강남구","대동석유 압구정주유소","서울 강남구 언주로 842 (신사동)","2019년 09월","SK에너지","셀프","1798.33","1654.40","1530.33","0.00"
"A0009712","서울 강남구","대동석유 압구정주유소","서울 강남구 언주로 842 (신사동)","2019년 10월","SK에너지","셀프","1802.71","1657.06","1534.13","0.00"
"A0009712","서울 강남구","대동석유 압구정주유소","서울 강남구 언주로 842 (신사동)","2019년 11월","SK에너지","셀프","1792.30","1639.30","1501.33","0.00"
"A0009712","서울 강남구","대동석유 압구정주유소","서울 강남구 언주로 842 (신사동)","2019년 12월","SK에너지","셀프","1802.29","1654.13","1502.29","0.00"
"A0001225","서울 강남구","대성석유(주)동호주유소","서울 강남구 봉은사로113길 51","2019년 01월","GS칼텍스","일반","1954.10","1758.94","1573.13","1509.00"
"A0001225","서울 강남구","대성석유(주)동호주유소","서울 강남구 봉은사로113길 51","2019년 02월","GS칼텍스","일반","1957.00","1757.00","1569.14","1509.00"
"A0001225","서울 강남구","대성석유(주)동호주유소","서울 강남구 봉은사로113길 51","2019년 03월","GS칼텍스","일반","1968.29","1763.45","1590.23","1509.00"
"A0001225","서울 강남구","대성석유(주)동호주유소","서울 강남구 봉은사로113길 51","2019년 04월","GS칼텍스","일반","2038.67","1882.33","1683.67","1509.00"
"A0001225","서울 강남구","대성석유(주)동호주유소","서울 강남구 봉은사로113길 51","2019년 05월","GS칼텍스","일반","2064.74","1898.94","1698.29","1509.00"
"A0001225","서울 강남구","대성석유(주)동호주유소","서울 강남구 봉은사로113길 51","2019년 06월","GS칼텍스","일반","2023.67","1886.33","1686.33","1509.00"
"A0001225","서울 강남구","대성석유(주)동호주유소","서울 강남구 봉은사로113길 51","2019년 07월","GS칼텍스","일반","1975.39","1877.00","1677.00","0.00"
"A0001225","서울 강남구","대성석유(주)동호주유소","서울 강남구 봉은사로113길 51","2019년 08월","GS칼텍스","일반","1892.16","1797.00","1597.00","1509.00"
"A0001225","서울 강남구","대성석유(주)동호주유소","서울 강남구 봉은사로113길 51","2019년 09월","GS칼텍스","일반","1959.33","1861.00","1661.00","1509.00"
"A0001225","서울 강남구","대성석유(주)동호주유소","서울 강남구 봉은사로113길 51","2019년 10월","GS칼텍스","일반","1973.13","1879.58","1679.58","1509.00"
"A0001225","서울 강남구","대성석유(주)동호주유소","서울 강남구 봉은사로113길 51","2019년 11월","GS칼텍스","일반","1973.67","1887.67","1687.67","1509.00"
"A0001225","서울 강남구","대성석유(주)동호주유소","서울 강남구 봉은사로113길 51","2019년 12월","GS칼텍스","일반","1986.35","1908.29","1708.29","0.00"
"A0010177","서울 강남구","대청주유소","서울 강남구 개포로 654 (일원동)","2019년 01월","SK에너지","일반","1986.00","1671.58","1547.61","1399.00"
"A0010177","서울 강남구","대청주유소","서울 강남구 개포로 654 (일원동)","2019년 02월","SK에너지","일반","1986.00","1677.21","1565.29","1410.04"
"A0010177","서울 강남구","대청주유소","서울 강남구 개포로 654 (일원동)","2019년 03월","SK에너지","일반","1990.18","1708.65","1596.58","1436.00"
"A0010177","서울 강남구","대청주유소","서울 강남구 개포로 654 (일원동)","2019년 04월","SK에너지","일반","2015.03","1749.03","1606.70","1442.50"
"A0010177","서울 강남구","대청주유소","서울 강남구 개포로 654 (일원동)","2019년 05월","SK에너지","일반","2073.90","1858.42","1692.13","1473.52"
"A0010177","서울 강남구","대청주유소","서울 강남구 개포로 654 (일원동)","2019년 06월","SK에너지","일반","2080.48","1848.00","1697.00","1486.00"
"A0010177","서울 강남구","대청주유소","서울 강남구 개포로 654 (일원동)","2019년 07월","SK에너지","일반","2077.13","1840.52","1692.29","1489.87"
"A0010177","서울 강남구","대청주유소","서울 강남구 개포로 654 (일원동)","2019년 08월","SK에너지","일반","2083.48","1850.19","1691.45","1496.00"
"A0010177","서울 강남구","대청주유소","서울 강남구 개포로 654 (일원동)","2019년 09월","SK에너지","일반","2104.59","1891.33","1726.07","1497.03"
"A0010177","서울 강남구","대청주유소","서울 강남구 개포로 654 (일원동)","2019년 10월","SK에너지","일반","2099.90","1895.32","1733.87","1503.25"
"A0010177","서울 강남구","대청주유소","서울 강남구 개포로 654 (일원동)","2019년 11월","SK에너지","일반","2093.33","1885.80","1726.00","1499.00"
"A0010177","서울 강남구","대청주유소","서울 강남구 개포로 654 (일원동)","2019년 12월","SK에너지","일반","2106.00","1899.26","1744.39","1514.35"
"A0009842","서울 강남구","동일석유㈜직영 남부주유소","서울 강남구 선릉로 34","2019년 01월","SK에너지","일반","0.00","1811.55","1612.84","0.00"
"A0009842","서울 강남구","동일석유㈜직영 남부주유소","서울 강남구 선릉로 34","2019년 02월","SK에너지","일반","0.00","1762.64","1598.00","0.00"
"A0009842","서울 강남구","동일석유㈜직영 남부주유소","서울 강남구 선릉로 34","2019년 03월","SK에너지","일반","0.00","1757.68","1598.00","0.00"
"A0009842","서울 강남구","동일석유㈜직영 남부주유소","서울 강남구 선릉로 34","2019년 04월","SK에너지","일반","0.00","1809.00","1609.00","0.00"
"A0009842","서울 강남구","동일석유㈜직영 남부주유소","서울 강남구 선릉로 34","2019년 05월","SK에너지","일반","0.00","1887.65","1683.16","0.00"
"A0009842","서울 강남구","동일석유㈜직영 남부주유소","서울 강남구 선릉로 34","2019년 06월","SK에너지","일반","0.00","1862.33","1694.00","0.00"
"A0009842","서울 강남구","동일석유㈜직영 남부주유소","서울 강남구 선릉로 34","2019년 07월","SK에너지","일반","0.00","1865.13","1694.00","0.00"
"A0009842","서울 강남구","동일석유㈜직영 남부주유소","서울 강남구 선릉로 34","2019년 08월","SK에너지","일반","0.00","1889.65","1694.65","0.00"
"A0009842","서울 강남구","동일석유㈜직영 남부주유소","서울 강남구 선릉로 34","2019년 09월","SK에너지","일반","0.00","1953.00","1741.00","0.00"
"A0009842","서울 강남구","동일석유㈜직영 남부주유소","서울 강남구 선릉로 34","2019년 10월","SK에너지","일반","0.00","1950.23","1738.23","0.00"
"A0009842","서울 강남구","동일석유㈜직영 남부주유소","서울 강남구 선릉로 34","2019년 11월","SK에너지","일반","0.00","1932.33","1715.00","0.00"
"A0009842","서울 강남구","동일석유㈜직영 남부주유소","서울 강남구 선릉로 34","2019년 12월","SK에너지","일반","0.00","1947.00","1715.00","0.00"
"A0010232","서울 강남구","명품주유소","서울 강남구 도곡로 249 (역삼동)","2019년 01월","S-OIL","일반","2035.00","1868.00","1726.00","0.00"
"A0010232","서울 강남구","명품주유소","서울 강남구 도곡로 249 (역삼동)","2019년 02월","S-OIL","일반","2035.00","1868.00","1726.00","0.00"
"A0010232","서울 강남구","명품주유소","서울 강남구 도곡로 249 (역삼동)","2019년 03월","S-OIL","일반","2037.58","1870.58","1728.58","0.00"
"A0010232","서울 강남구","명품주유소","서울 강남구 도곡로 249 (역삼동)","2019년 04월","S-OIL","일반","2055.00","1888.00","1746.00","0.00"
"A0010232","서울 강남구","명품주유소","서울 강남구 도곡로 249 (역삼동)","2019년 05월","S-OIL","일반","2092.10","1925.10","1774.39","0.00"
"A0010232","서울 강남구","명품주유소","서울 강남구 도곡로 249 (역삼동)","2019년 06월","S-OIL","일반","2105.00","1938.00","1786.00","0.00"
"A0010232","서울 강남구","명품주유소","서울 강남구 도곡로 249 (역삼동)","2019년 07월","S-OIL","일반","2105.00","1938.00","1786.00","0.00"
"A0010232","서울 강남구","명품주유소","서울 강남구 도곡로 249 (역삼동)","2019년 08월","S-OIL","일반","2105.00","1938.00","1786.00","0.00"
"A0010232","서울 강남구","명품주유소","서울 강남구 도곡로 249 (역삼동)","2019년 09월","S-OIL","일반","2160.00","1993.00","1841.00","0.00"
"A0010232","서울 강남구","명품주유소","서울 강남구 도곡로 249 (역삼동)","2019년 10월","S-OIL","일반","2154.03","1987.03","1835.03","0.00"
"A0010232","서울 강남구","명품주유소","서울 강남구 도곡로 249 (역삼동)","2019년 11월","S-OIL","일반","2145.00","1978.00","1826.00","0.00"
"A0010232","서울 강남구","명품주유소","서울 강남구 도곡로 249 (역삼동)","2019년 12월","S-OIL","일반","2145.00","1978.00","1826.00","0.00"
"A0009828","서울 강남구","방죽주유소","서울 강남구 밤고개로 215 (율현동)","2019년 01월","S-OIL","셀프","0.00","1412.87","1302.87","0.00"
"A0009828","서울 강남구","방죽주유소","서울 강남구 밤고개로 215 (율현동)","2019년 02월","S-OIL","셀프","0.00","1409.00","1299.00","0.00"
"A0009828","서울 강남구","방죽주유소","서울 강남구 밤고개로 215 (율현동)","2019년 03월","S-OIL","셀프","0.00","1425.45","1315.77","0.00"
"A0009828","서울 강남구","방죽주유소","서울 강남구 밤고개로 215 (율현동)","2019년 04월","S-OIL","셀프","0.00","1470.33","1350.67","0.00"
"A0009828","서울 강남구","방죽주유소","서울 강남구 밤고개로 215 (율현동)","2019년 05월","S-OIL","셀프","0.00","1544.81","1421.58","0.00"
"A0009828","서울 강남구","방죽주유소","서울 강남구 밤고개로 215 (율현동)","2019년 06월","S-OIL","셀프","0.00","1553.67","1427.33","0.00"
"A0009828","서울 강남구","방죽주유소","서울 강남구 밤고개로 215 (율현동)","2019년 07월","S-OIL","셀프","0.00","1529.00","1399.00","0.00"
"A0009828","서울 강남구","방죽주유소","서울 강남구 밤고개로 215 (율현동)","2019년 08월","S-OIL","셀프","0.00","1529.00","1399.00","0.00"
"A0009828","서울 강남구","방죽주유소","서울 강남구 밤고개로 215 (율현동)","2019년 09월","S-OIL","셀프","0.00","1573.33","1433.33","0.00"
"A0009828","서울 강남구","방죽주유소","서울 강남구 밤고개로 215 (율현동)","2019년 10월","S-OIL","셀프","0.00","1579.00","1438.03","0.00"
"A0009828","서울 강남구","방죽주유소","서울 강남구 밤고개로 215 (율현동)","2019년 11월","S-OIL","셀프","0.00","1567.67","1423.67","0.00"
"A0009828","서울 강남구","방죽주유소","서울 강남구 밤고개로 215 (율현동)","2019년 12월","S-OIL","셀프","0.00","1591.90","1435.45","0.00"
"A0001214","서울 강남구","삼성동주유소","서울 강남구 테헤란로 619 (삼성동)","2019년 01월","SK에너지","일반","2029.97","1889.00","1729.97","0.00"
"A0001214","서울 강남구","삼성동주유소","서울 강남구 테헤란로 619 (삼성동)","2019년 02월","SK에너지","일반","2013.07","1871.14","1743.86","0.00"
"A0001214","서울 강남구","삼성동주유소","서울 강남구 테헤란로 619 (삼성동)","2019년 03월","SK에너지","일반","2007.90","1870.10","1778.16","0.00"
"A0001214","서울 강남구","삼성동주유소","서울 강남구 테헤란로 619 (삼성동)","2019년 04월","SK에너지","일반","2094.27","1935.10","1811.27","0.00"
"A0001214","서울 강남구","삼성동주유소","서울 강남구 테헤란로 619 (삼성동)","2019년 05월","SK에너지","일반","2155.58","1965.58","1827.45","0.00"
"A0001214","서울 강남구","삼성동주유소","서울 강남구 테헤란로 619 (삼성동)","2019년 06월","SK에너지","일반","2163.93","1973.93","1836.07","0.00"
"A0001214","서울 강남구","삼성동주유소","서울 강남구 테헤란로 619 (삼성동)","2019년 07월","SK에너지","일반","2166.48","1976.48","1833.58","0.00"
"A0001214","서울 강남구","삼성동주유소","서울 강남구 테헤란로 619 (삼성동)","2019년 08월","SK에너지","일반","2175.90","1986.10","1839.39","0.00"
"A0001214","서울 강남구","삼성동주유소","서울 강남구 테헤란로 619 (삼성동)","2019년 09월","SK에너지","일반","2188.87","1998.87","1883.20","0.00"
"A0001214","서울 강남구","삼성동주유소","서울 강남구 테헤란로 619 (삼성동)","2019년 10월","SK에너지","일반","2189.00","1999.00","1887.58","0.00"
"A0001214","서울 강남구","삼성동주유소","서울 강남구 테헤란로 619 (삼성동)","2019년 11월","SK에너지","일반","2189.00","1999.00","1884.60","0.00"
"A0001214","서울 강남구","삼성동주유소","서울 강남구 테헤란로 619 (삼성동)","2019년 12월","SK에너지","일반","2189.00","1999.00","1897.71","0.00"
"A0001220","서울 강남구","삼성주유소","서울 강남구 삼성로 521 (삼성동)","2019년 01월","SK에너지","일반","2075.00","1909.00","1729.00","1197.22"
"A0001224","서울 강남구","에스제이에너지산업(주) 개포주유소","서울 강남구 양재대로 339","2019년 01월","GS칼텍스","일반","1705.68","1434.13","1328.06","1203.81"
"A0001224","서울 강남구","에스제이에너지산업(주) 개포주유소","서울 강남구 양재대로 339","2019년 02월","GS칼텍스","일반","1704.57","1404.43","1304.11","1201.57"
"A0001224","서울 강남구","에스제이에너지산업(주) 개포주유소","서울 강남구 양재대로 339","2019년 03월","GS칼텍스","일반","1788.58","1474.77","1373.03","1259.74"
"A0001224","서울 강남구","에스제이에너지산업(주) 개포주유소","서울 강남구 양재대로 339","2019년 04월","GS칼텍스","일반","1821.80","1529.90","1422.67","1276.00"
"A0001224","서울 강남구","에스제이에너지산업(주) 개포주유소","서울 강남구 양재대로 339","2019년 05월","GS칼텍스","일반","1923.06","1632.90","1490.26","1291.17"
"A0001224","서울 강남구","에스제이에너지산업(주) 개포주유소","서울 강남구 양재대로 339","2019년 06월","GS칼텍스","일반","1935.00","1582.67","1466.33","0.00"
"A0001224","서울 강남구","에스제이에너지산업(주) 개포주유소","서울 강남구 양재대로 339","2019년 07월","GS칼텍스","일반","1947.41","1595.93","1477.66","1296.00"
"A0001224","서울 강남구","에스제이에너지산업(주) 개포주유소","서울 강남구 양재대로 339","2019년 08월","GS칼텍스","일반","1975.00","1578.00","1478.00","1296.00"
"A0001224","서울 강남구","에스제이에너지산업(주) 개포주유소","서울 강남구 양재대로 339","2019년 09월","GS칼텍스","일반","2005.00","1648.13","1507.33","1303.85"
"A0001224","서울 강남구","에스제이에너지산업(주) 개포주유소","서울 강남구 양재대로 339","2019년 10월","GS칼텍스","일반","2045.00","1664.77","1522.03","1330.00"
"A0001224","서울 강남구","에스제이에너지산업(주) 개포주유소","서울 강남구 양재대로 339","2019년 11월","GS칼텍스","일반","2045.00","1658.00","1518.00","1330.00"
"A0001224","서울 강남구","에스제이에너지산업(주) 개포주유소","서울 강남구 양재대로 339","2019년 12월","GS칼텍스","일반","2045.00","1676.71","1523.16","1330.00"
"A0010269","서울 강남구","에쓰-오일㈜직영 개나리주유소","서울 강남구 언주로 423 (역삼동)","2019년 01월","S-OIL","일반","1646.94","1446.94","1346.94","0.00"
"A0010269","서울 강남구","에쓰-오일㈜직영 개나리주유소","서울 강남구 언주로 423 (역삼동)","2019년 02월","S-OIL","일반","1615.00","1415.00","1315.00","0.00"
"A0010269","서울 강남구","에쓰-오일㈜직영 개나리주유소","서울 강남구 언주로 423 (역삼동)","2019년 03월","S-OIL","일반","1641.77","1441.77","1341.77","0.00"
"A0010269","서울 강남구","에쓰-오일㈜직영 개나리주유소","서울 강남구 언주로 423 (역삼동)","2019년 04월","S-OIL","일반","1699.77","1499.77","1399.77","0.00"
"A0010269","서울 강남구","에쓰-오일㈜직영 개나리주유소","서울 강남구 언주로 423 (역삼동)","2019년 05월","S-OIL","일반","1773.13","1573.13","1458.00","0.00"
"A0010269","서울 강남구","에쓰-오일㈜직영 개나리주유소","서울 강남구 언주로 423 (역삼동)","2019년 06월","S-OIL","일반","1790.33","1589.67","1483.67","0.00"
"A0010269","서울 강남구","에쓰-오일㈜직영 개나리주유소","서울 강남구 언주로 423 (역삼동)","2019년 07월","S-OIL","일반","1784.10","1584.10","1476.35","0.00"
"A0010269","서울 강남구","에쓰-오일㈜직영 개나리주유소","서울 강남구 언주로 423 (역삼동)","2019년 08월","S-OIL","일반","1774.35","1605.45","1484.13","0.00"
"A0010269","서울 강남구","에쓰-오일㈜직영 개나리주유소","서울 강남구 언주로 423 (역삼동)","2019년 09월","S-OIL","일반","1793.83","1643.83","1524.17","0.00"
"A0010269","서울 강남구","에쓰-오일㈜직영 개나리주유소","서울 강남구 언주로 423 (역삼동)","2019년 10월","S-OIL","일반","1804.10","1652.77","1532.29","0.00"
"A0010269","서울 강남구","에쓰-오일㈜직영 개나리주유소","서울 강남구 언주로 423 (역삼동)","2019년 11월","S-OIL","일반","1782.67","1628.67","1500.67","0.00"
"A0010269","서울 강남구","에쓰-오일㈜직영 개나리주유소","서울 강남구 언주로 423 (역삼동)","2019년 12월","S-OIL","일반","1785.55","1639.42","1498.13","0.00"
"A0010267","서울 강남구","역삼주유소","서울 강남구 역삼로 205","2019년 01월","SK에너지","일반","1798.00","1510.06","1402.68","0.00"
"A0010267","서울 강남구","역삼주유소","서울 강남구 역삼로 205","2019년 02월","SK에너지","일반","1782.25","1499.00","1399.00","0.00"
"A0010267","서울 강남구","역삼주유소","서울 강남구 역삼로 205","2019년 03월","SK에너지","일반","1719.39","1499.00","1399.00","0.00"
"A0010267","서울 강남구","역삼주유소","서울 강남구 역삼로 205","2019년 04월","SK에너지","일반","1738.57","1537.13","1436.47","0.00"
"A0010267","서울 강남구","역삼주유소","서울 강남구 역삼로 205","2019년 05월","SK에너지","일반","1834.23","1634.87","1518.74","0.00"
"A0010267","서울 강남구","역삼주유소","서울 강남구 역삼로 205","2019년 06월","SK에너지","일반","1853.00","1653.00","1533.00","0.00"
"A0010267","서울 강남구","역삼주유소","서울 강남구 역삼로 205","2019년 07월","SK에너지","일반","1853.00","1653.00","1533.00","0.00"
"A0010267","서울 강남구","역삼주유소","서울 강남구 역삼로 205","2019년 08월","SK에너지","일반","1853.00","1653.00","1533.00","0.00"
"A0010267","서울 강남구","역삼주유소","서울 강남구 역삼로 205","2019년 09월","SK에너지","일반","1892.00","1693.00","1587.67","0.00"
"A0010267","서울 강남구","역삼주유소","서울 강남구 역삼로 205","2019년 10월","SK에너지","일반","1898.00","1698.00","1598.00","0.00"
"A0010267","서울 강남구","역삼주유소","서울 강남구 역삼로 205","2019년 11월","SK에너지","일반","1898.00","1698.00","1598.00","0.00"
"A0010267","서울 강남구","역삼주유소","서울 강남구 역삼로 205","2019년 12월","GS칼텍스","일반","1788.70","1642.10","1502.77","0.00"
"A0010267","서울 강남구","역삼주유소","서울 강남구 역삼로 205","2019년 12월","SK에너지","일반","1898.00","1698.00","1598.00","0.00"
"A0009835","서울 강남구","오일프러스 셀프","서울 강남구 남부순환로 2651 (도곡동)","2019년 01월","SK에너지","셀프","2104.45","1889.94","1729.26","0.00"
"A0009835","서울 강남구","오일프러스 셀프","서울 강남구 남부순환로 2651 (도곡동)","2019년 02월","SK에너지","셀프","2118.00","1888.00","1717.00","0.00"
"A0009835","서울 강남구","오일프러스 셀프","서울 강남구 남부순환로 2651 (도곡동)","2019년 03월","SK에너지","셀프","2139.61","1903.48","1726.35","0.00"
"A0009835","서울 강남구","오일프러스 셀프","서울 강남구 남부순환로 2651 (도곡동)","2019년 04월","SK에너지","셀프","2187.83","1940.83","1765.67","0.00"
"A0009835","서울 강남구","오일프러스 셀프","서울 강남구 남부순환로 2651 (도곡동)","2019년 05월","SK에너지","셀프","2276.39","1992.35","1836.35","0.00"
"A0009835","서울 강남구","오일프러스 셀프","서울 강남구 남부순환로 2651 (도곡동)","2019년 06월","SK에너지","셀프","2294.00","1993.60","1851.80","0.00"
"A0009835","서울 강남구","오일프러스 셀프","서울 강남구 남부순환로 2651 (도곡동)","2019년 07월","SK에너지","셀프","2292.84","1980.61","1839.48","0.00"
"A0009835","서울 강남구","오일프러스 셀프","서울 강남구 남부순환로 2651 (도곡동)","2019년 08월","SK에너지","셀프","2298.00","1993.06","1852.06","0.00"
"A0009835","서울 강남구","오일프러스 셀프","서울 강남구 남부순환로 2651 (도곡동)","2019년 09월","SK에너지","셀프","2325.67","2012.00","1887.80","0.00"
"A0009835","서울 강남구","오일프러스 셀프","서울 강남구 남부순환로 2651 (도곡동)","2019년 10월","SK에너지","셀프","2348.00","2044.61","1891.55","0.00"
"A0009835","서울 강남구","오일프러스 셀프","서울 강남구 남부순환로 2651 (도곡동)","2019년 11월","SK에너지","셀프","2342.00","2027.00","1856.00","0.00"
"A0009835","서울 강남구","오일프러스 셀프","서울 강남구 남부순환로 2651 (도곡동)","2019년 12월","SK에너지","셀프","2338.00","2030.67","1848.00","0.00"
"A0009837","서울 강남구","일원주유소","서울 강남구 양재대로55길 3 (일원동)","2019년 01월","S-OIL","셀프","0.00","1449.97","1349.65","0.00"
"A0009837","서울 강남구","일원주유소","서울 강남구 양재대로55길 3 (일원동)","2019년 02월","S-OIL","셀프","0.00","1452.86","1352.86","0.00"
"A0009837","서울 강남구","일원주유소","서울 강남구 양재대로55길 3 (일원동)","2019년 03월","S-OIL","셀프","0.00","1477.65","1373.45","0.00"
"A0009837","서울 강남구","일원주유소","서울 강남구 양재대로55길 3 (일원동)","2019년 04월","S-OIL","셀프","0.00","1533.47","1402.33","0.00"
"A0009837","서울 강남구","일원주유소","서울 강남구 양재대로55길 3 (일원동)","2019년 05월","S-OIL","셀프","0.00","1623.77","1462.16","0.00"
"A0009837","서울 강남구","일원주유소","서울 강남구 양재대로55길 3 (일원동)","2019년 06월","S-OIL","셀프","0.00","1614.67","1458.67","0.00"
"A0009837","서울 강남구","일원주유소","서울 강남구 양재대로55길 3 (일원동)","2019년 07월","S-OIL","셀프","0.00","1584.74","1448.61","0.00"
"A0009837","서울 강남구","일원주유소","서울 강남구 양재대로55길 3 (일원동)","2019년 08월","S-OIL","셀프","0.00","1597.00","1464.10","0.00"
"A0009837","서울 강남구","일원주유소","서울 강남구 양재대로55길 3 (일원동)","2019년 09월","S-OIL","셀프","0.00","1637.67","1474.33","0.00"
"A0009837","서울 강남구","일원주유소","서울 강남구 양재대로55길 3 (일원동)","2019년 10월","S-OIL","셀프","0.00","1644.74","1474.42","0.00"
"A0009837","서울 강남구","일원주유소","서울 강남구 양재대로55길 3 (일원동)","2019년 11월","S-OIL","셀프","0.00","1641.60","1472.33","0.00"
"A0009837","서울 강남구","일원주유소","서울 강남구 양재대로55길 3 (일원동)","2019년 12월","S-OIL","셀프","0.00","1657.00","1487.00","1258.06"
"A0009829","서울 강남구","자곡셀프주유소","서울 강남구 밤고개로 120 (자곡동)","2019년 01월","SK에너지","셀프","0.00","1468.00","1358.00","0.00"
"A0009829","서울 강남구","자곡셀프주유소","서울 강남구 밤고개로 120 (자곡동)","2019년 02월","SK에너지","셀프","0.00","1468.00","1358.00","0.00"
"A0009829","서울 강남구","자곡셀프주유소","서울 강남구 밤고개로 120 (자곡동)","2019년 03월","SK에너지","셀프","0.00","1476.39","1362.19","0.00"
"A0009829","서울 강남구","자곡셀프주유소","서울 강남구 밤고개로 120 (자곡동)","2019년 04월","SK에너지","셀프","1670.00","1521.77","1393.33","0.00"
"A0009829","서울 강남구","자곡셀프주유소","서울 강남구 밤고개로 120 (자곡동)","2019년 05월","SK에너지","셀프","0.00","1589.20","1458.67","0.00"
"A0009829","서울 강남구","자곡셀프주유소","서울 강남구 밤고개로 120 (자곡동)","2019년 06월","SK에너지","셀프","0.00","1591.17","1466.67","0.00"
"A0009829","서울 강남구","자곡셀프주유소","서울 강남구 밤고개로 120 (자곡동)","2019년 07월","SK에너지","셀프","0.00","1557.00","1435.00","0.00"
"A0009829","서울 강남구","자곡셀프주유소","서울 강남구 밤고개로 120 (자곡동)","2019년 08월","SK에너지","셀프","0.00","1557.00","1435.00","0.00"
"A0009829","서울 강남구","자곡셀프주유소","서울 강남구 밤고개로 120 (자곡동)","2019년 09월","SK에너지","셀프","0.00","1609.60","1459.47","0.00"
"A0009829","서울 강남구","자곡셀프주유소","서울 강남구 밤고개로 120 (자곡동)","2019년 10월","SK에너지","셀프","0.00","1615.61","1459.32","0.00"
"A0009829","서울 강남구","자곡셀프주유소","서울 강남구 밤고개로 120 (자곡동)","2019년 11월","SK에너지","셀프","0.00","1598.00","1443.00","0.00"
"A0009829","서울 강남구","자곡셀프주유소","서울 강남구 밤고개로 120 (자곡동)","2019년 12월","SK에너지","셀프","0.00","1618.32","1454.52","0.00"
"A0009707","서울 강남구","제이제이주유소","서울 강남구 언주로 716","2019년 01월","SK에너지","일반","2285.00","2015.00","1945.00","1450.00"
"A0009707","서울 강남구","제이제이주유소","서울 강남구 언주로 716","2019년 02월","SK에너지","일반","2285.00","1998.61","1899.68","1450.00"
"A0009707","서울 강남구","제이제이주유소","서울 강남구 언주로 716","2019년 03월","SK에너지","일반","2315.77","2015.42","1915.42","1450.00"
"A0009707","서울 강남구","제이제이주유소","서울 강남구 언주로 716","2019년 04월","SK에너지","일반","2373.00","2071.33","1971.33","1450.00"
"A0009707","서울 강남구","제이제이주유소","서울 강남구 언주로 716","2019년 05월","SK에너지","일반","2424.52","2124.52","1993.35","1450.00"
"A0009707","서울 강남구","제이제이주유소","서울 강남구 언주로 716","2019년 06월","SK에너지","일반","2440.00","2140.00","1998.00","1450.00"
"A0009707","서울 강남구","제이제이주유소","서울 강남구 언주로 716","2019년 07월","SK에너지","일반","2446.77","2146.77","1998.00","0.00"
"A0009707","서울 강남구","제이제이주유소","서울 강남구 언주로 716","2019년 08월","SK에너지","일반","2470.00","2170.00","1998.00","0.00"
"A0009707","서울 강남구","제이제이주유소","서울 강남구 언주로 716","2019년 09월","SK에너지","일반","2497.07","2216.40","2036.67","0.00"
"A0009707","서울 강남구","제이제이주유소","서울 강남구 언주로 716","2019년 10월","SK에너지","일반","2498.00","2218.00","2038.00","1460.00"
"A0009707","서울 강남구","제이제이주유소","서울 강남구 언주로 716","2019년 11월","SK에너지","일반","2498.00","2218.00","2038.00","1460.00"
"A0009707","서울 강남구","제이제이주유소","서울 강남구 언주로 716","2019년 12월","SK에너지","일반","2498.00","2218.00","2038.00","1460.00"
"A0001202","서울 강남구","지에스칼텍스(주)학여울주유소","서울 강남구 남부순환로 3170 (일원2동)","2019년 01월","GS칼텍스","일반","1945.45","1690.45","1559.97","0.00"
"A0001202","서울 강남구","지에스칼텍스(주)학여울주유소","서울 강남구 남부순환로 3170 (일원2동)","2019년 02월","GS칼텍스","일반","1950.68","1695.68","1599.32","0.00"
"A0001202","서울 강남구","지에스칼텍스(주)학여울주유소","서울 강남구 남부순환로 3170 (일원2동)","2019년 03월","GS칼텍스","일반","2011.74","1756.74","1640.61","0.00"
"A0001202","서울 강남구","지에스칼텍스(주)학여울주유소","서울 강남구 남부순환로 3170 (일원2동)","2019년 04월","GS칼텍스","일반","2073.23","1816.37","1661.77","0.00"
"A0001202","서울 강남구","지에스칼텍스(주)학여울주유소","서울 강남구 남부순환로 3170 (일원2동)","2019년 05월","GS칼텍스","일반","2149.39","1921.87","1748.00","0.00"
"A0001202","서울 강남구","지에스칼텍스(주)학여울주유소","서울 강남구 남부순환로 3170 (일원2동)","2019년 06월","GS칼텍스","일반","2094.57","1866.90","1721.20","0.00"
"A0001202","서울 강남구","지에스칼텍스(주)학여울주유소","서울 강남구 남부순환로 3170 (일원2동)","2019년 07월","GS칼텍스","일반","2122.29","1872.94","1739.71","0.00"
"A0001202","서울 강남구","지에스칼텍스(주)학여울주유소","서울 강남구 남부순환로 3170 (일원2동)","2019년 08월","GS칼텍스","일반","2118.84","1868.84","1749.35","0.00"
"A0001202","서울 강남구","지에스칼텍스(주)학여울주유소","서울 강남구 남부순환로 3170 (일원2동)","2019년 09월","GS칼텍스","일반","2191.37","1941.37","1800.33","0.00"
"A0001202","서울 강남구","지에스칼텍스(주)학여울주유소","서울 강남구 남부순환로 3170 (일원2동)","2019년 10월","GS칼텍스","일반","2199.68","1949.68","1809.23","0.00"
"A0001202","서울 강남구","지에스칼텍스(주)학여울주유소","서울 강남구 남부순환로 3170 (일원2동)","2019년 11월","GS칼텍스","일반","2199.63","1949.63","1793.30","0.00"
"A0001202","서울 강남구","지에스칼텍스(주)학여울주유소","서울 강남구 남부순환로 3170 (일원2동)","2019년 12월","GS칼텍스","일반","2218.13","1968.13","1809.87","0.00"
"A0001199","서울 강남구","지에스칼텍스㈜ 삼성로주유소","서울 강남구 삼성로 563 (삼성동)","2019년 01월","GS칼텍스","셀프","1659.84","1459.84","1359.84","0.00"
"A0001199","서울 강남구","지에스칼텍스㈜ 삼성로주유소","서울 강남구 삼성로 563 (삼성동)","2019년 02월","GS칼텍스","셀프","1633.57","1433.57","1332.86","0.00"
"A0001199","서울 강남구","지에스칼텍스㈜ 삼성로주유소","서울 강남구 삼성로 563 (삼성동)","2019년 03월","GS칼텍스","셀프","1652.68","1452.94","1346.42","0.00"
"A0001199","서울 강남구","지에스칼텍스㈜ 삼성로주유소","서울 강남구 삼성로 563 (삼성동)","2019년 04월","GS칼텍스","셀프","1688.33","1502.57","1391.60","0.00"
"A0001199","서울 강남구","지에스칼텍스㈜ 삼성로주유소","서울 강남구 삼성로 563 (삼성동)","2019년 05월","GS칼텍스","셀프","1726.61","1568.94","1452.48","0.00"
"A0001199","서울 강남구","지에스칼텍스㈜ 삼성로주유소","서울 강남구 삼성로 563 (삼성동)","2019년 06월","GS칼텍스","셀프","1755.00","1597.00","1487.00","0.00"
"A0001199","서울 강남구","지에스칼텍스㈜ 삼성로주유소","서울 강남구 삼성로 563 (삼성동)","2019년 07월","GS칼텍스","셀프","1758.87","1600.87","1487.00","0.00"
"A0001199","서울 강남구","지에스칼텍스㈜ 삼성로주유소","서울 강남구 삼성로 563 (삼성동)","2019년 08월","GS칼텍스","셀프","1773.06","1615.06","1495.06","0.00"
"A0001199","서울 강남구","지에스칼텍스㈜ 삼성로주유소","서울 강남구 삼성로 563 (삼성동)","2019년 09월","GS칼텍스","셀프","1809.00","1658.00","1532.50","0.00"
"A0001199","서울 강남구","지에스칼텍스㈜ 삼성로주유소","서울 강남구 삼성로 563 (삼성동)","2019년 10월","GS칼텍스","셀프","1816.03","1665.90","1531.48","0.00"
"A0001199","서울 강남구","지에스칼텍스㈜ 삼성로주유소","서울 강남구 삼성로 563 (삼성동)","2019년 11월","GS칼텍스","셀프","1804.00","1646.00","1510.87","0.00"
"A0001199","서울 강남구","지에스칼텍스㈜ 삼성로주유소","서울 강남구 삼성로 563 (삼성동)","2019년 12월","GS칼텍스","셀프","1809.00","1654.00","1515.00","0.00"
"A0001185","서울 강남구","지에스칼텍스㈜ 은마주유소","서울 강남구 영동대로 235","2019년 01월","GS칼텍스","일반","1605.32","1435.32","1331.55","0.00"
"A0001185","서울 강남구","지에스칼텍스㈜ 은마주유소","서울 강남구 영동대로 235","2019년 02월","GS칼텍스","일반","1592.14","1422.14","1317.86","0.00"
"A0001185","서울 강남구","지에스칼텍스㈜ 은마주유소","서울 강남구 영동대로 235","2019년 03월","GS칼텍스","일반","1617.26","1447.26","1347.26","0.00"
"A0001185","서울 강남구","지에스칼텍스㈜ 은마주유소","서울 강남구 영동대로 235","2019년 04월","GS칼텍스","일반","1658.00","1494.67","1394.67","0.00"
"A0001185","서울 강남구","지에스칼텍스㈜ 은마주유소","서울 강남구 영동대로 235","2019년 05월","GS칼텍스","일반","1717.65","1560.55","1449.94","0.00"
"A0001185","서울 강남구","지에스칼텍스㈜ 은마주유소","서울 강남구 영동대로 235","2019년 06월","GS칼텍스","일반","1737.00","1587.00","1470.00","0.00"
"A0001185","서울 강남구","지에스칼텍스㈜ 은마주유소","서울 강남구 영동대로 235","2019년 07월","GS칼텍스","일반","1742.32","1592.32","1471.77","0.00"
"A0001185","서울 강남구","지에스칼텍스㈜ 은마주유소","서울 강남구 영동대로 235","2019년 08월","GS칼텍스","일반","1767.16","1617.16","1492.13","0.00"
"A0001185","서울 강남구","지에스칼텍스㈜ 은마주유소","서울 강남구 영동대로 235","2019년 09월","GS칼텍스","일반","1817.00","1667.00","1535.00","0.00"
"A0001185","서울 강남구","지에스칼텍스㈜ 은마주유소","서울 강남구 영동대로 235","2019년 10월","GS칼텍스","일반","1807.00","1657.00","1525.65","0.00"
"A0001185","서울 강남구","지에스칼텍스㈜ 은마주유소","서울 강남구 영동대로 235","2019년 11월","GS칼텍스","일반","1787.00","1637.00","1515.67","0.00"
"A0001185","서울 강남구","지에스칼텍스㈜ 은마주유소","서울 강남구 영동대로 235","2019년 12월","GS칼텍스","일반","1800.16","1650.16","1528.16","0.00"
"A0009708","서울 강남구","지에스칼텍스㈜ 주성주유소","서울 강남구 영동대로 716","2019년 01월","GS칼텍스","일반","1647.06","1449.00","1357.90","0.00"
"A0009708","서울 강남구","지에스칼텍스㈜ 주성주유소","서울 강남구 영동대로 716","2019년 02월","GS칼텍스","일반","1589.00","1419.00","1315.00","0.00"
"A0009708","서울 강남구","지에스칼텍스㈜ 주성주유소","서울 강남구 영동대로 716","2019년 03월","GS칼텍스","일반","1617.06","1452.87","1348.23","0.00"
"A0009708","서울 강남구","지에스칼텍스㈜ 주성주유소","서울 강남구 영동대로 716","2019년 04월","GS칼텍스","일반","1657.50","1499.17","1395.67","0.00"
"A0009708","서울 강남구","지에스칼텍스㈜ 주성주유소","서울 강남구 영동대로 716","2019년 05월","GS칼텍스","일반","1732.94","1572.42","1460.81","0.00"
"A0009708","서울 강남구","지에스칼텍스㈜ 주성주유소","서울 강남구 영동대로 716","2019년 06월","GS칼텍스","일반","1775.00","1615.00","1495.00","0.00"
"A0009708","서울 강남구","지에스칼텍스㈜ 주성주유소","서울 강남구 영동대로 716","2019년 07월","GS칼텍스","일반","1779.84","1619.84","1496.94","0.00"
"A0009708","서울 강남구","지에스칼텍스㈜ 주성주유소","서울 강남구 영동대로 716","2019년 08월","GS칼텍스","일반","1788.87","1632.74","1504.29","0.00"
"A0009708","서울 강남구","지에스칼텍스㈜ 주성주유소","서울 강남구 영동대로 716","2019년 09월","GS칼텍스","일반","1817.33","1673.33","1537.33","0.00"
"A0009708","서울 강남구","지에스칼텍스㈜ 주성주유소","서울 강남구 영동대로 716","2019년 10월","GS칼텍스","일반","1815.52","1666.16","1535.77","0.00"
"A0009708","서울 강남구","지에스칼텍스㈜ 주성주유소","서울 강남구 영동대로 716","2019년 11월","GS칼텍스","일반","1792.67","1642.67","1524.33","0.00"
"A0009708","서울 강남구","지에스칼텍스㈜ 주성주유소","서울 강남구 영동대로 716","2019년 12월","GS칼텍스","일반","1810.77","1660.77","1540.77","0.00"
"A0009974","서울 강남구","지에스칼텍스㈜에너지플러스허브GS타워","서울 강남구 논현로 516 (역삼동)","2019년 01월","GS칼텍스","일반","1644.68","1444.68","1344.68","0.00"
"A0009974","서울 강남구","지에스칼텍스㈜에너지플러스허브GS타워","서울 강남구 논현로 516 (역삼동)","2019년 02월","GS칼텍스","일반","1615.00","1415.00","1315.00","0.00"
"A0009974","서울 강남구","지에스칼텍스㈜에너지플러스허브GS타워","서울 강남구 논현로 516 (역삼동)","2019년 03월","GS칼텍스","일반","1645.32","1444.68","1344.84","0.00"
"A0009974","서울 강남구","지에스칼텍스㈜에너지플러스허브GS타워","서울 강남구 논현로 516 (역삼동)","2019년 04월","GS칼텍스","일반","1702.83","1502.83","1402.33","0.00"
"A0009974","서울 강남구","지에스칼텍스㈜에너지플러스허브GS타워","서울 강남구 논현로 516 (역삼동)","2019년 05월","GS칼텍스","일반","1770.55","1571.52","1459.58","0.00"
"A0009974","서울 강남구","지에스칼텍스㈜에너지플러스허브GS타워","서울 강남구 논현로 516 (역삼동)","2019년 06월","GS칼텍스","일반","1787.33","1589.00","1483.00","0.00"
"A0009974","서울 강남구","지에스칼텍스㈜에너지플러스허브GS타워","서울 강남구 논현로 516 (역삼동)","2019년 07월","GS칼텍스","일반","1782.81","1584.74","1477.00","0.00"
"A0009974","서울 강남구","지에스칼텍스㈜에너지플러스허브GS타워","서울 강남구 논현로 516 (역삼동)","2019년 08월","GS칼텍스","일반","1767.00","1605.39","1491.10","0.00"
"A0009974","서울 강남구","지에스칼텍스㈜에너지플러스허브GS타워","서울 강남구 논현로 516 (역삼동)","2019년 09월","GS칼텍스","일반","1798.17","1648.17","1528.17","0.00"
"A0009974","서울 강남구","지에스칼텍스㈜에너지플러스허브GS타워","서울 강남구 논현로 516 (역삼동)","2019년 10월","GS칼텍스","일반","1802.97","1651.10","1530.39","0.00"
"A0009974","서울 강남구","지에스칼텍스㈜에너지플러스허브GS타워","서울 강남구 논현로 516 (역삼동)","2019년 11월","GS칼텍스","일반","1782.00","1630.00","1500.67","0.00"
"A0009974","서울 강남구","지에스칼텍스㈜에너지플러스허브GS타워","서울 강남구 논현로 516 (역삼동)","2019년 12월","GS칼텍스","일반","1807.16","1656.77","1510.00","0.00"
"A0009738","서울 강남구","현대오일뱅크 도곡셀프주유소","서울 강남구  남부순환로 2718 (도곡2동)","2019년 01월","현대오일뱅크","셀프","1636.71","1410.48","1306.48","0.00"
"A0009738","서울 강남구","현대오일뱅크 도곡셀프주유소","서울 강남구  남부순환로 2718 (도곡2동)","2019년 02월","현대오일뱅크","셀프","1588.71","1375.86","1278.86","0.00"
"A0009738","서울 강남구","현대오일뱅크 도곡셀프주유소","서울 강남구  남부순환로 2718 (도곡2동)","2019년 03월","현대오일뱅크","셀프","1587.35","1383.16","1289.74","0.00"
"A0009738","서울 강남구","현대오일뱅크 도곡셀프주유소","서울 강남구  남부순환로 2718 (도곡2동)","2019년 04월","현대오일뱅크","셀프","1631.50","1429.83","1324.50","0.00"
"A0009738","서울 강남구","현대오일뱅크 도곡셀프주유소","서울 강남구  남부순환로 2718 (도곡2동)","2019년 05월","현대오일뱅크","셀프","1722.26","1523.39","1386.97","0.00"
"A0009738","서울 강남구","현대오일뱅크 도곡셀프주유소","서울 강남구  남부순환로 2718 (도곡2동)","2019년 06월","현대오일뱅크","셀프","1751.33","1544.67","1409.17","0.00"
"A0009738","서울 강남구","현대오일뱅크 도곡셀프주유소","서울 강남구  남부순환로 2718 (도곡2동)","2019년 07월","현대오일뱅크","셀프","1738.00","1524.45","1382.87","0.00"
"A0009738","서울 강남구","현대오일뱅크 도곡셀프주유소","서울 강남구  남부순환로 2718 (도곡2동)","2019년 08월","현대오일뱅크","셀프","1733.00","1514.77","1379.97","0.00"
"A0009738","서울 강남구","현대오일뱅크 도곡셀프주유소","서울 강남구  남부순환로 2718 (도곡2동)","2019년 09월","현대오일뱅크","셀프","1741.67","1565.67","1418.67","0.00"
"A0009738","서울 강남구","현대오일뱅크 도곡셀프주유소","서울 강남구  남부순환로 2718 (도곡2동)","2019년 10월","현대오일뱅크","셀프","1746.23","1579.13","1427.23","0.00"
"A0009738","서울 강남구","현대오일뱅크 도곡셀프주유소","서울 강남구  남부순환로 2718 (도곡2동)","2019년 11월","현대오일뱅크","셀프","1743.00","1557.33","1392.67","0.00"
"A0009738","서울 강남구","현대오일뱅크 도곡셀프주유소","서울 강남구  남부순환로 2718 (도곡2동)","2019년 12월","현대오일뱅크","셀프","1743.00","1562.35","1393.35","0.00"
"A0010229","서울 강남구","현대오일뱅크(주) 유진주유소","서울 강남구 논현로 152 (도곡동)","2019년 01월","현대오일뱅크","일반","1646.71","1425.74","1319.16","1114.19"
"A0010229","서울 강남구","현대오일뱅크(주) 유진주유소","서울 강남구 논현로 152 (도곡동)","2019년 02월","현대오일뱅크","일반","1603.71","1390.86","1290.86","1100.00"
"A0010229","서울 강남구","현대오일뱅크(주) 유진주유소","서울 강남구 논현로 152 (도곡동)","2019년 03월","현대오일뱅크","일반","1603.52","1398.71","1303.48","1100.00"
"A0010229","서울 강남구","현대오일뱅크(주) 유진주유소","서울 강남구 논현로 152 (도곡동)","2019년 04월","현대오일뱅크","일반","1648.40","1445.73","1339.00","1110.67"
"A0010229","서울 강남구","현대오일뱅크(주) 유진주유소","서울 강남구 논현로 152 (도곡동)","2019년 05월","현대오일뱅크","일반","1738.26","1538.39","1399.97","1180.00"
"A0010229","서울 강남구","현대오일뱅크(주) 유진주유소","서울 강남구 논현로 152 (도곡동)","2019년 06월","현대오일뱅크","일반","1767.33","1557.00","1420.67","1190.00"
"A0010229","서울 강남구","현대오일뱅크(주) 유진주유소","서울 강남구 논현로 152 (도곡동)","2019년 07월","현대오일뱅크","일반","1754.00","1537.84","1398.84","1190.00"
"A0010229","서울 강남구","현대오일뱅크(주) 유진주유소","서울 강남구 논현로 152 (도곡동)","2019년 08월","현대오일뱅크","일반","1749.00","1529.77","1394.48","1190.00"
"A0010229","서울 강남구","현대오일뱅크(주) 유진주유소","서울 강남구 논현로 152 (도곡동)","2019년 09월","현대오일뱅크","일반","1757.67","1580.67","1433.67","1190.00"
"A0010229","서울 강남구","현대오일뱅크(주) 유진주유소","서울 강남구 논현로 152 (도곡동)","2019년 10월","현대오일뱅크","일반","1762.23","1594.13","1442.23","1190.00"
"A0010229","서울 강남구","현대오일뱅크(주) 유진주유소","서울 강남구 논현로 152 (도곡동)","2019년 11월","현대오일뱅크","일반","1759.00","1572.33","1407.67","1171.33"
"A0010229","서울 강남구","현대오일뱅크(주) 유진주유소","서울 강남구 논현로 152 (도곡동)","2019년 12월","현대오일뱅크","일반","1759.00","1577.35","1408.35","1170.00"
"A0009838","서울 강남구","현대오일뱅크(주)직영 산성셀프주유소","서울 강남구 헌릉로 730","2019년 01월","GS칼텍스","셀프","0.00","1399.42","1292.81","0.00"
"A0009838","서울 강남구","현대오일뱅크(주)직영 산성셀프주유소","서울 강남구 헌릉로 730","2019년 02월","GS칼텍스","셀프","0.00","1387.00","1284.00","0.00"
"A0009838","서울 강남구","현대오일뱅크(주)직영 산성셀프주유소","서울 강남구 헌릉로 730","2019년 03월","GS칼텍스","셀프","0.00","1386.19","1289.32","0.00"
"A0009838","서울 강남구","현대오일뱅크(주)직영 산성셀프주유소","서울 강남구 헌릉로 730","2019년 04월","GS칼텍스","셀프","0.00","1427.27","1319.07","0.00"
"A0009838","서울 강남구","현대오일뱅크(주)직영 산성셀프주유소","서울 강남구 헌릉로 730","2019년 05월","GS칼텍스","셀프","0.00","1529.61","1397.74","0.00"
"A0009838","서울 강남구","현대오일뱅크(주)직영 산성셀프주유소","서울 강남구 헌릉로 730","2019년 06월","GS칼텍스","셀프","0.00","1548.73","1409.37","0.00"
"A0009838","서울 강남구","현대오일뱅크(주)직영 산성셀프주유소","서울 강남구 헌릉로 730","2019년 07월","GS칼텍스","셀프","0.00","1532.16","1395.58","0.00"
"A0009838","서울 강남구","현대오일뱅크(주)직영 산성셀프주유소","서울 강남구 헌릉로 730","2019년 08월","GS칼텍스","셀프","0.00","1535.00","1398.83","0.00"
"A0009838","서울 강남구","현대오일뱅크(주)직영 산성셀프주유소","서울 강남구 헌릉로 730","2019년 09월","GS칼텍스","셀프","0.00","1567.00","1423.00","0.00"
"A0009838","서울 강남구","현대오일뱅크(주)직영 산성셀프주유소","서울 강남구 헌릉로 730","2019년 10월","GS칼텍스","셀프","0.00","1567.00","1423.00","0.00"
"A0009838","서울 강남구","현대오일뱅크(주)직영 산성셀프주유소","서울 강남구 헌릉로 730","2019년 11월","GS칼텍스","셀프","0.00","1549.20","1399.00","0.00"
"A0009838","서울 강남구","현대오일뱅크(주)직영 산성셀프주유소","서울 강남구 헌릉로 730","2019년 12월","GS칼텍스","셀프","0.00","1537.94","1378.94","0.00"
"A0009725","서울 강남구","현대오일뱅크(주)직영 신사현대주유소","서울 강남구 도산대로 163 (신사동)","2019년 01월","현대오일뱅크","일반","1899.71","1690.26","1594.61","0.00"
"A0009725","서울 강남구","현대오일뱅크(주)직영 신사현대주유소","서울 강남구 도산대로 163 (신사동)","2019년 02월","현대오일뱅크","일반","1891.00","1658.00","1558.00","0.00"
"A0009725","서울 강남구","현대오일뱅크(주)직영 신사현대주유소","서울 강남구 도산대로 163 (신사동)","2019년 03월","현대오일뱅크","일반","1891.00","1682.19","1576.71","0.00"
"A0009725","서울 강남구","현대오일뱅크(주)직영 신사현대주유소","서울 강남구 도산대로 163 (신사동)","2019년 04월","현대오일뱅크","일반","1905.00","1712.00","1593.33","0.00"
"A0009725","서울 강남구","현대오일뱅크(주)직영 신사현대주유소","서울 강남구 도산대로 163 (신사동)","2019년 05월","현대오일뱅크","일반","1976.71","1786.29","1644.00","0.00"
"A0009725","서울 강남구","현대오일뱅크(주)직영 신사현대주유소","서울 강남구 도산대로 163 (신사동)","2019년 06월","현대오일뱅크","일반","1996.00","1800.50","1651.50","0.00"
"A0009725","서울 강남구","현대오일뱅크(주)직영 신사현대주유소","서울 강남구 도산대로 163 (신사동)","2019년 07월","현대오일뱅크","일반","1986.97","1778.81","1628.68","0.00"
"A0009725","서울 강남구","현대오일뱅크(주)직영 신사현대주유소","서울 강남구 도산대로 163 (신사동)","2019년 08월","현대오일뱅크","일반","1976.00","1747.52","1599.00","0.00"
"A0009725","서울 강남구","현대오일뱅크(주)직영 신사현대주유소","서울 강남구 도산대로 163 (신사동)","2019년 09월","현대오일뱅크","일반","1988.67","1771.33","1608.33","0.00"
"A0009725","서울 강남구","현대오일뱅크(주)직영 신사현대주유소","서울 강남구 도산대로 163 (신사동)","2019년 10월","현대오일뱅크","일반","2016.00","1819.45","1645.45","0.00"
"A0009725","서울 강남구","현대오일뱅크(주)직영 신사현대주유소","서울 강남구 도산대로 163 (신사동)","2019년 11월","현대오일뱅크","일반","2016.00","1835.00","1661.00","0.00"
"A0009725","서울 강남구","현대오일뱅크(주)직영 신사현대주유소","서울 강남구 도산대로 163 (신사동)","2019년 12월","현대오일뱅크","일반","2016.00","1867.52","1693.52","0.00"
"A0009724","서울 강남구","현대오일뱅크(주)직영 한양주유소","서울 강남구 압구정로 302 (신사동)","2019년 01월","현대오일뱅크","일반","2139.42","2032.65","1848.65","0.00"
"A0009724","서울 강남구","현대오일뱅크(주)직영 한양주유소","서울 강남구 압구정로 302 (신사동)","2019년 02월","현대오일뱅크","일반","2051.29","1905.21","1721.21","0.00"
"A0009724","서울 강남구","현대오일뱅크(주)직영 한양주유소","서울 강남구 압구정로 302 (신사동)","2019년 03월","현대오일뱅크","일반","2042.00","1887.48","1698.00","0.00"
"A0009724","서울 강남구","현대오일뱅크(주)직영 한양주유소","서울 강남구 압구정로 302 (신사동)","2019년 04월","현대오일뱅크","일반","2084.00","1897.33","1771.33","0.00"
"A0009724","서울 강남구","현대오일뱅크(주)직영 한양주유소","서울 강남구 압구정로 302 (신사동)","2019년 05월","현대오일뱅크","일반","2143.45","1941.58","1807.42","0.00"
"A0009724","서울 강남구","현대오일뱅크(주)직영 한양주유소","서울 강남구 압구정로 302 (신사동)","2019년 06월","현대오일뱅크","일반","2151.00","1957.00","1800.67","0.00"
"A0009724","서울 강남구","현대오일뱅크(주)직영 한양주유소","서울 강남구 압구정로 302 (신사동)","2019년 07월","현대오일뱅크","일반","2078.90","1897.00","1773.00","0.00"
"A0009724","서울 강남구","현대오일뱅크(주)직영 한양주유소","서울 강남구 압구정로 302 (신사동)","2019년 08월","현대오일뱅크","일반","1997.00","1885.90","1752.87","0.00"
"A0009724","서울 강남구","현대오일뱅크(주)직영 한양주유소","서울 강남구 압구정로 302 (신사동)","2019년 09월","현대오일뱅크","일반","2003.67","1890.47","1751.67","0.00"
"A0009724","서울 강남구","현대오일뱅크(주)직영 한양주유소","서울 강남구 압구정로 302 (신사동)","2019년 10월","현대오일뱅크","일반","2047.32","1885.39","1743.39","0.00"
"A0009724","서울 강남구","현대오일뱅크(주)직영 한양주유소","서울 강남구 압구정로 302 (신사동)","2019년 11월","현대오일뱅크","일반","2066.00","1891.33","1738.00","0.00"
"A0009724","서울 강남구","현대오일뱅크(주)직영 한양주유소","서울 강남구 압구정로 302 (신사동)","2019년 12월","현대오일뱅크","일반","2042.32","1892.32","1705.84","0.00"
"A0001216","서울 강남구","현대오일뱅크㈜직영 오천주유소","서울 강남구 봉은사로 503 (삼성동)","2019년 01월","SK에너지","일반","2149.65","1913.19","1759.97","1279.00"
"A0001216","서울 강남구","현대오일뱅크㈜직영 오천주유소","서울 강남구 봉은사로 503 (삼성동)","2019년 02월","SK에너지","일반","2136.00","1896.36","1761.00","1272.79"
"A0001216","서울 강남구","현대오일뱅크㈜직영 오천주유소","서울 강남구 봉은사로 503 (삼성동)","2019년 03월","SK에너지","일반","2144.48","1904.48","1766.48","1270.68"
"A0001216","서울 강남구","현대오일뱅크㈜직영 오천주유소","서울 강남구 봉은사로 503 (삼성동)","2019년 04월","SK에너지","일반","2229.13","1967.47","1819.47","1342.53"
"A0001216","서울 강남구","현대오일뱅크㈜직영 오천주유소","서울 강남구 봉은사로 503 (삼성동)","2019년 05월","SK에너지","일반","2277.90","1988.35","1842.23","1379.71"
"A0001216","서울 강남구","현대오일뱅크㈜직영 오천주유소","서울 강남구 봉은사로 503 (삼성동)","2019년 06월","SK에너지","일반","2289.00","1999.00","1862.93","1334.87"
"A0001216","서울 강남구","현대오일뱅크㈜직영 오천주유소","서울 강남구 봉은사로 503 (삼성동)","2019년 07월","SK에너지","일반","2289.00","1999.00","1861.71","1345.71"
"A0001216","서울 강남구","현대오일뱅크㈜직영 오천주유소","서울 강남구 봉은사로 503 (삼성동)","2019년 08월","SK에너지","일반","2287.39","1997.39","1868.48","1348.42"
"A0001216","서울 강남구","현대오일뱅크㈜직영 오천주유소","서울 강남구 봉은사로 503 (삼성동)","2019년 09월","SK에너지","일반","2289.00","1999.00","1898.27","1349.27"
"A0001216","서울 강남구","현대오일뱅크㈜직영 오천주유소","서울 강남구 봉은사로 503 (삼성동)","2019년 10월","SK에너지","일반","2288.10","1998.10","1885.32","1350.74"
"A0001216","서울 강남구","현대오일뱅크㈜직영 오천주유소","서울 강남구 봉은사로 503 (삼성동)","2019년 11월","SK에너지","일반","2281.67","1991.20","1879.20","1316.33"
"A0001216","서울 강남구","현대오일뱅크㈜직영 오천주유소","서울 강남구 봉은사로 503 (삼성동)","2019년 12월","SK에너지","일반","2289.00","1999.00","1891.71","1333.71"
